{"cameraMode":{"drawMode":0,"name":"Shaded","section":"Shading Mode"},"sceneLighting":false,"audioPlay":false,"sceneViewState":{"showFog":true,"showMaterialUpdate":false,"showSkybox":false,"showFlares":true,"showImageEffects":true,"showParticleSystems":true},"in2DMode":false,"pivot":{"x":109.10575866699219,"y":-4.000454902648926,"z":0.0},"rotation":{"x":-0.11063569039106369,"y":0.08873946219682694,"z":-0.009956968948245049,"w":-0.9898691177368164},"size":195.57229614257813,"orthographic":false}