{"cameraMode":{"drawMode":0,"name":"Shaded","section":"Shading Mode"},"sceneLighting":true,"audioPlay":false,"sceneViewState":{"showFog":true,"showMaterialUpdate":false,"showSkybox":true,"showFlares":true,"showImageEffects":true,"showParticleSystems":true},"in2DMode":false,"pivot":{"x":-18.209999084472658,"y":-5.71999979019165,"z":0.0},"rotation":{"x":-0.07269059121608734,"y":-0.6228854656219482,"z":0.058289606124162677,"w":-0.7767542600631714},"size":11.951831817626954,"orthographic":false}